{
  "info" : {
    "version" : 1,
    "author" : "xcode"
  },
  "images" : [
    {
      "filename" : "icon-40.png",
      "scale" : "1x",
      "size" : "40x40",
      "idiom" : "ipad"
    },
    {
      "filename" : "icon-40@2x.png",
      "scale" : "2x",
      "idiom" : "ipad",
      "size" : "40x40"
    },
    {
      "scale" : "2x",
      "size" : "60x60",
      "filename" : "icon-60@2x.png",
      "idiom" : "iphone"
    },
    {
      "scale" : "1x",
      "filename" : "icon-72.png",
      "idiom" : "ipad",
      "size" : "72x72"
    },
    {
      "idiom" : "ipad",
      "filename" : "icon-72@2x.png",
      "scale" : "2x",
      "size" : "72x72"
    },
    {
      "size" : "76x76",
      "scale" : "1x",
      "idiom" : "ipad",
      "filename" : "icon-76.png"
    },
    {
      "size" : "76x76",
      "scale" : "2x",
      "idiom" : "ipad",
      "filename" : "icon-76@2x.png"
    },
    {
      "size" : "50x50",
      "scale" : "1x",
      "filename" : "icon-small-50.png",
      "idiom" : "ipad"
    },
    {
      "scale" : "2x",
      "idiom" : "ipad",
      "filename" : "icon-small-50@2x.png",
      "size" : "50x50"
    },
    {
      "scale" : "1x",
      "filename" : "icon-small.png",
      "size" : "29x29",
      "idiom" : "iphone"
    },
    {
      "filename" : "icon-small@2x.png",
      "scale" : "2x",
      "size" : "29x29",
      "idiom" : "iphone"
    },
    {
      "filename" : "icon.png",
      "size" : "57x57",
      "idiom" : "iphone",
      "scale" : "1x"
    },
    {
      "size" : "57x57",
      "scale" : "2x",
      "idiom" : "iphone",
      "filename" : "icon@2x.png"
    },
    {
      "size" : "29x29",
      "scale" : "3x",
      "filename" : "icon-small@3x.png",
      "idiom" : "iphone"
    },
    {
      "filename" : "icon-40@3x.png",
      "scale" : "3x",
      "idiom" : "iphone",
      "size" : "40x40"
    },
    {
      "idiom" : "iphone",
      "size" : "60x60",
      "scale" : "3x",
      "filename" : "icon-60@3x.png"
    },
    {
      "idiom" : "iphone",
      "size" : "40x40",
      "scale" : "2x",
      "filename" : "icon-40@2x.png"
    },
    {
      "idiom" : "ipad",
      "scale" : "1x",
      "size" : "29x29",
      "filename" : "icon-small.png"
    },
    {
      "size" : "29x29",
      "filename" : "icon-small@2x.png",
      "scale" : "2x",
      "idiom" : "ipad"
    },
    {
      "scale" : "2x",
      "idiom" : "ipad",
      "filename" : "icon-83.5@2x.png",
      "size" : "83.5x83.5"
    },
    {
      "idiom" : "iphone",
      "size" : "20x20",
      "filename" : "notification-icon@2x.png",
      "scale" : "2x"
    },
    {
      "idiom" : "iphone",
      "filename" : "notification-icon@3x.png",
      "scale" : "3x",
      "size" : "20x20"
    },
    {
      "size" : "20x20",
      "filename" : "notification-icon~ipad.png",
      "idiom" : "ipad",
      "scale" : "1x"
    },
    {
      "idiom" : "ipad",
      "filename" : "notification-icon~ipad@2x.png",
      "size" : "20x20",
      "scale" : "2x"
    },
    {
      "scale" : "1x",
      "size" : "1024x1024",
      "idiom" : "ios-marketing",
      "filename" : "ios-marketing.png"
    }
  ]
}